Last login: Sat Sep 12 19:43:30 on ttys000
Spartica:~ Mrinal$ mysql -uesha -p
Enter password: 
ERROR 2002 (HY000): Can't connect to local MySQL server through socket '/tmp/mysql.sock' (2)
Spartica:~ Mrinal$ mysql.server start
Starting MySQL
... SUCCESS! 
Spartica:~ Mrinal$ mysql -uesha -p
Enter password: 
Welcome to the MySQL monitor.  Commands end with ; or \g.
Your MySQL connection id is 1
Server version: 5.6.26 Homebrew

Copyright (c) 2000, 2015, Oracle and/or its affiliates. All rights reserved.

Oracle is a registered trademark of Oracle Corporation and/or its
affiliates. Other names may be trademarks of their respective
owners.

Type 'help;' or '\h' for help. Type '\c' to clear the current input statement.

mysql> use jellibeans;
Reading table information for completion of table and column names
You can turn off this feature to get a quicker startup with -A

Database changed
mysql> show tables;
+----------------------+
| Tables_in_jellibeans |
+----------------------+
| migrations           |
| password_resets      |
| users                |
+----------------------+
3 rows in set (0.01 sec)

mysql> select * from users;
+----+------+-----------------+--------------------------------------------------------------+-------+----------------+---------------------+---------------------+
| id | name | email           | password                                                     | score | remember_token | created_at          | updated_at          |
+----+------+-----------------+--------------------------------------------------------------+-------+----------------+---------------------+---------------------+
|  1 | Bob  | bob@example.com | $2y$10$k4XqviIM.95rFoZankAk.ePKnfYczI4cg/kpZTKXNe0/gMf6o6EgO |  NULL | NULL           | 2015-09-12 16:21:00 | 2015-09-12 16:21:00 |
+----+------+-----------------+--------------------------------------------------------------+-------+----------------+---------------------+---------------------+
1 row in set (0.00 sec)

mysql> select * from users;
+----+------+-----------------+--------------------------------------------------------------+-------+--------------------------------------------------------------+---------------------+---------------------+
| id | name | email           | password                                                     | score | remember_token                                               | created_at          | updated_at          |
+----+------+-----------------+--------------------------------------------------------------+-------+--------------------------------------------------------------+---------------------+---------------------+
|  1 | Bob  | bob@example.com | $2y$10$k4XqviIM.95rFoZankAk.ePKnfYczI4cg/kpZTKXNe0/gMf6o6EgO |  NULL | A2JlNHl9N6Nxyuq0RPa43aVi4DndSYsngziBZpjiOMGUpMXnRUU6ORVcVLzX | 2015-09-12 16:21:00 | 2015-09-12 18:51:36 |
+----+------+-----------------+--------------------------------------------------------------+-------+--------------------------------------------------------------+---------------------+---------------------+
1 row in set (0.00 sec)

mysql> select * from users;
+----+------+-----------------+--------------------------------------------------------------+-------+--------------------------------------------------------------+---------------------+---------------------+
| id | name | email           | password                                                     | score | remember_token                                               | created_at          | updated_at          |
+----+------+-----------------+--------------------------------------------------------------+-------+--------------------------------------------------------------+---------------------+---------------------+
|  1 | Bob  | bob@example.com | $2y$10$k4XqviIM.95rFoZankAk.ePKnfYczI4cg/kpZTKXNe0/gMf6o6EgO |  NULL | svS080WBgx2SvugW72W4FjSr3U5huHuSAVI8fJzo1ljHZaortJAYDEtotguJ | 2015-09-12 16:21:00 | 2015-09-12 18:52:08 |
+----+------+-----------------+--------------------------------------------------------------+-------+--------------------------------------------------------------+---------------------+---------------------+
1 row in set (0.40 sec)

mysql> select * from users;
+----+------+-----------------+--------------------------------------------------------------+-------+--------------------------------------------------------------+---------------------+---------------------+
| id | name | email           | password                                                     | score | remember_token                                               | created_at          | updated_at          |
+----+------+-----------------+--------------------------------------------------------------+-------+--------------------------------------------------------------+---------------------+---------------------+
|  1 | Bob  | bob@example.com | $2y$10$k4XqviIM.95rFoZankAk.ePKnfYczI4cg/kpZTKXNe0/gMf6o6EgO |  NULL | svS080WBgx2SvugW72W4FjSr3U5huHuSAVI8fJzo1ljHZaortJAYDEtotguJ | 2015-09-12 16:21:00 | 2015-09-12 18:52:08 |
+----+------+-----------------+--------------------------------------------------------------+-------+--------------------------------------------------------------+---------------------+---------------------+
1 row in set (0.09 sec)

mysql> mysql> select * from users;
+----+------+-----------------+--------------------------------------------------------------+-------+--------------------------------------------------------------+---------------------+---------------------+
| id | name | email           | password                                                     | score | remember_token                                               | created_at          | updated_at          |
+----+------+-----------------+--------------------------------------------------------------+-------+--------------------------------------------------------------+---------------------+---------------------+
|  1 | Bob  | bob@example.com | $2y$10$k4XqviIM.95rFoZankAk.ePKnfYczI4cg/kpZTKXNe0/gMf6o6EgO |  NULL | bc7N3VnEYyDM3SD01EHQzwfe50KggFd5cWLFsnz5ZeBbH9s8FmdQSZiuj2D8 | 2015-09-12 16:21:00 | 2015-09-12 23:31:34 |
+----+------+-----------------+--------------------------------------------------------------+-------+--------------------------------------------------------------+---------------------+---------------------+
1 row in set (0.03 sec)

mysql> mysql> select * from users;
+----+------+-----------------+--------------------------------------------------------------+-------+--------------------------------------------------------------+---------------------+---------------------+
| id | name | email           | password                                                     | score | remember_token                                               | created_at          | updated_at          |
+----+------+-----------------+--------------------------------------------------------------+-------+--------------------------------------------------------------+---------------------+---------------------+
|  1 | Bob  | bob@example.com | $2y$10$k4XqviIM.95rFoZankAk.ePKnfYczI4cg/kpZTKXNe0/gMf6o6EgO |  NULL | bc7N3VnEYyDM3SD01EHQzwfe50KggFd5cWLFsnz5ZeBbH9s8FmdQSZiuj2D8 | 2015-09-12 16:21:00 | 2015-09-12 23:31:34 |
+----+------+-----------------+--------------------------------------------------------------+-------+--------------------------------------------------------------+---------------------+---------------------+
1 row in set (0.00 sec)

mysql> select * from users;
+----+------+-----------------+--------------------------------------------------------------+-------+--------------------------------------------------------------+---------------------+---------------------+
| id | name | email           | password                                                     | score | remember_token                                               | created_at          | updated_at          |
+----+------+-----------------+--------------------------------------------------------------+-------+--------------------------------------------------------------+---------------------+---------------------+
|  1 | Bob  | bob@example.com | $2y$10$k4XqviIM.95rFoZankAk.ePKnfYczI4cg/kpZTKXNe0/gMf6o6EgO |  NULL | bc7N3VnEYyDM3SD01EHQzwfe50KggFd5cWLFsnz5ZeBbH9s8FmdQSZiuj2D8 | 2015-09-12 16:21:00 | 2015-09-12 23:31:34 |
+----+------+-----------------+--------------------------------------------------------------+-------+--------------------------------------------------------------+---------------------+---------------------+
1 row in set (0.02 sec)

mysql> select * from users;
+----+------+-----------------+--------------------------------------------------------------+-------+--------------------------------------------------------------+---------------------+---------------------+
| id | name | email           | password                                                     | score | remember_token                                               | created_at          | updated_at          |
+----+------+-----------------+--------------------------------------------------------------+-------+--------------------------------------------------------------+---------------------+---------------------+
|  1 | Bob  | bob@example.com | $2y$10$k4XqviIM.95rFoZankAk.ePKnfYczI4cg/kpZTKXNe0/gMf6o6EgO |  NULL | bc7N3VnEYyDM3SD01EHQzwfe50KggFd5cWLFsnz5ZeBbH9s8FmdQSZiuj2D8 | 2015-09-12 16:21:00 | 2015-09-12 23:31:34 |
+----+------+-----------------+--------------------------------------------------------------+-------+--------------------------------------------------------------+---------------------+---------------------+
1 row in set (0.00 sec)

mysql> select * from users;
+----+------+-----------------+--------------------------------------------------------------+-------+--------------------------------------------------------------+---------------------+---------------------+
| id | name | email           | password                                                     | score | remember_token                                               | created_at          | updated_at          |
+----+------+-----------------+--------------------------------------------------------------+-------+--------------------------------------------------------------+---------------------+---------------------+
|  1 | Bob  | bob@example.com | $2y$10$k4XqviIM.95rFoZankAk.ePKnfYczI4cg/kpZTKXNe0/gMf6o6EgO |  NULL | bc7N3VnEYyDM3SD01EHQzwfe50KggFd5cWLFsnz5ZeBbH9s8FmdQSZiuj2D8 | 2015-09-12 16:21:00 | 2015-09-12 23:31:34 |
+----+------+-----------------+--------------------------------------------------------------+-------+--------------------------------------------------------------+---------------------+---------------------+
1 row in set (0.00 sec)

mysql> select * from users;
+----+------+-----------------+--------------------------------------------------------------+-------+--------------------------------------------------------------+---------------------+---------------------+
| id | name | email           | password                                                     | score | remember_token                                               | created_at          | updated_at          |
+----+------+-----------------+--------------------------------------------------------------+-------+--------------------------------------------------------------+---------------------+---------------------+
|  1 | Bob  | bob@example.com | $2y$10$k4XqviIM.95rFoZankAk.ePKnfYczI4cg/kpZTKXNe0/gMf6o6EgO |    28 | bc7N3VnEYyDM3SD01EHQzwfe50KggFd5cWLFsnz5ZeBbH9s8FmdQSZiuj2D8 | 2015-09-12 16:21:00 | 2015-09-12 23:46:44 |
+----+------+-----------------+--------------------------------------------------------------+-------+--------------------------------------------------------------+---------------------+---------------------+
1 row in set (0.00 sec)

mysql> 
