Last login: Sat Sep 12 19:43:30 on ttys000
Spartica:~ Mrinal$ mysql -uesha -p
Enter password: 
ERROR 2002 (HY000): Can't connect to local MySQL server through socket '/tmp/mysql.sock' (2)
Spartica:~ Mrinal$ mysql.server start
Starting MySQL
... SUCCESS! 
Spartica:~ Mrinal$ mysql -uesha -p
Enter password: 
Welcome to the MySQL monitor.  Commands end with ; or \g.
Your MySQL connection id is 1
Server version: 5.6.26 Homebrew

Copyright (c) 2000, 2015, Oracle and/or its affiliates. All rights reserved.

Oracle is a registered trademark of Oracle Corporation and/or its
affiliates. Other names may be trademarks of their respective
owners.

Type 'help;' or '\h' for help. Type '\c' to clear the current input statement.

mysql> use jellibeans;
Reading table information for completion of table and column names
You can turn off this feature to get a quicker startup with -A

Database changed
mysql> show tables;
+----------------------+
| Tables_in_jellibeans |
+----------------------+
| migrations           |
| password_resets      |
| users                |
+----------------------+
3 rows in set (0.01 sec)

mysql> select * from users;
+----+------+-----------------+--------------------------------------------------------------+-------+----------------+---------------------+---------------------+
| id | name | email           | password                                                     | score | remember_token | created_at          | updated_at          |
+----+------+-----------------+--------------------------------------------------------------+-------+----------------+---------------------+---------------------+
|  1 | Bob  | bob@example.com | $2y$10$k4XqviIM.95rFoZankAk.ePKnfYczI4cg/kpZTKXNe0/gMf6o6EgO |  NULL | NULL           | 2015-09-12 16:21:00 | 2015-09-12 16:21:00 |
+----+------+-----------------+--------------------------------------------------------------+-------+----------------+---------------------+---------------------+
1 row in set (0.00 sec)

mysql> select * from users;
+----+------+-----------------+--------------------------------------------------------------+-------+--------------------------------------------------------------+---------------------+---------------------+
| id | name | email           | password                                                     | score | remember_token                                               | created_at          | updated_at          |
+----+------+-----------------+--------------------------------------------------------------+-------+--------------------------------------------------------------+---------------------+---------------------+
|  1 | Bob  | bob@example.com | $2y$10$k4XqviIM.95rFoZankAk.ePKnfYczI4cg/kpZTKXNe0/gMf6o6EgO |  NULL | A2JlNHl9N6Nxyuq0RPa43aVi4DndSYsngziBZpjiOMGUpMXnRUU6ORVcVLzX | 2015-09-12 16:21:00 | 2015-09-12 18:51:36 |
+----+------+-----------------+--------------------------------------------------------------+-------+--------------------------------------------------------------+---------------------+---------------------+
1 row in set (0.00 sec)

mysql> select * from users;
+----+------+-----------------+--------------------------------------------------------------+-------+--------------------------------------------------------------+---------------------+---------------------+
| id | name | email           | password                                                     | score | remember_token                                               | created_at          | updated_at          |
+----+------+-----------------+--------------------------------------------------------------+-------+--------------------------------------------------------------+---------------------+---------------------+
|  1 | Bob  | bob@example.com | $2y$10$k4XqviIM.95rFoZankAk.ePKnfYczI4cg/kpZTKXNe0/gMf6o6EgO |  NULL | svS080WBgx2SvugW72W4FjSr3U5huHuSAVI8fJzo1ljHZaortJAYDEtotguJ | 2015-09-12 16:21:00 | 2015-09-12 18:52:08 |
+----+------+-----------------+--------------------------------------------------------------+-------+--------------------------------------------------------------+---------------------+---------------------+
1 row in set (0.40 sec)

mysql> select * from users;
+----+------+-----------------+--------------------------------------------------------------+-------+--------------------------------------------------------------+---------------------+---------------------+
| id | name | email           | password                                                     | score | remember_token                                               | created_at          | updated_at          |
+----+------+-----------------+--------------------------------------------------------------+-------+--------------------------------------------------------------+---------------------+---------------------+
|  1 | Bob  | bob@example.com | $2y$10$k4XqviIM.95rFoZankAk.ePKnfYczI4cg/kpZTKXNe0/gMf6o6EgO |  NULL | svS080WBgx2SvugW72W4FjSr3U5huHuSAVI8fJzo1ljHZaortJAYDEtotguJ | 2015-09-12 16:21:00 | 2015-09-12 18:52:08 |
+----+------+-----------------+--------------------------------------------------------------+-------+--------------------------------------------------------------+---------------------+---------------------+
1 row in set (0.09 sec)

mysql> mysql> select * from users;
+----+------+-----------------+--------------------------------------------------------------+-------+--------------------------------------------------------------+---------------------+---------------------+
| id | name | email           | password                                                     | score | remember_token                                               | created_at          | updated_at          |
+----+------+-----------------+--------------------------------------------------------------+-------+--------------------------------------------------------------+---------------------+---------------------+
|  1 | Bob  | bob@example.com | $2y$10$k4XqviIM.95rFoZankAk.ePKnfYczI4cg/kpZTKXNe0/gMf6o6EgO |  NULL | bc7N3VnEYyDM3SD01EHQzwfe50KggFd5cWLFsnz5ZeBbH9s8FmdQSZiuj2D8 | 2015-09-12 16:21:00 | 2015-09-12 23:31:34 |
+----+------+-----------------+--------------------------------------------------------------+-------+--------------------------------------------------------------+---------------------+---------------------+
1 row in set (0.03 sec)

mysql> mysql> select * from users;
+----+------+-----------------+--------------------------------------------------------------+-------+--------------------------------------------------------------+---------------------+---------------------+
| id | name | email           | password                                                     | score | remember_token                                               | created_at          | updated_at          |
+----+------+-----------------+--------------------------------------------------------------+-------+--------------------------------------------------------------+---------------------+---------------------+
|  1 | Bob  | bob@example.com | $2y$10$k4XqviIM.95rFoZankAk.ePKnfYczI4cg/kpZTKXNe0/gMf6o6EgO |  NULL | bc7N3VnEYyDM3SD01EHQzwfe50KggFd5cWLFsnz5ZeBbH9s8FmdQSZiuj2D8 | 2015-09-12 16:21:00 | 2015-09-12 23:31:34 |
+----+------+-----------------+--------------------------------------------------------------+-------+--------------------------------------------------------------+---------------------+---------------------+
1 row in set (0.00 sec)

mysql> select * from users;
+----+------+-----------------+--------------------------------------------------------------+-------+--------------------------------------------------------------+---------------------+---------------------+
| id | name | email           | password                                                     | score | remember_token                                               | created_at          | updated_at          |
+----+------+-----------------+--------------------------------------------------------------+-------+--------------------------------------------------------------+---------------------+---------------------+
|  1 | Bob  | bob@example.com | $2y$10$k4XqviIM.95rFoZankAk.ePKnfYczI4cg/kpZTKXNe0/gMf6o6EgO |  NULL | bc7N3VnEYyDM3SD01EHQzwfe50KggFd5cWLFsnz5ZeBbH9s8FmdQSZiuj2D8 | 2015-09-12 16:21:00 | 2015-09-12 23:31:34 |
+----+------+-----------------+--------------------------------------------------------------+-------+--------------------------------------------------------------+---------------------+---------------------+
1 row in set (0.02 sec)

mysql> select * from users;
+----+------+-----------------+--------------------------------------------------------------+-------+--------------------------------------------------------------+---------------------+---------------------+
| id | name | email           | password                                                     | score | remember_token                                               | created_at          | updated_at          |
+----+------+-----------------+--------------------------------------------------------------+-------+--------------------------------------------------------------+---------------------+---------------------+
|  1 | Bob  | bob@example.com | $2y$10$k4XqviIM.95rFoZankAk.ePKnfYczI4cg/kpZTKXNe0/gMf6o6EgO |  NULL | bc7N3VnEYyDM3SD01EHQzwfe50KggFd5cWLFsnz5ZeBbH9s8FmdQSZiuj2D8 | 2015-09-12 16:21:00 | 2015-09-12 23:31:34 |
+----+------+-----------------+--------------------------------------------------------------+-------+--------------------------------------------------------------+---------------------+---------------------+
1 row in set (0.00 sec)

mysql> select * from users;
+----+------+-----------------+--------------------------------------------------------------+-------+--------------------------------------------------------------+---------------------+---------------------+
| id | name | email           | password                                                     | score | remember_token                                               | created_at          | updated_at          |
+----+------+-----------------+--------------------------------------------------------------+-------+--------------------------------------------------------------+---------------------+---------------------+
|  1 | Bob  | bob@example.com | $2y$10$k4XqviIM.95rFoZankAk.ePKnfYczI4cg/kpZTKXNe0/gMf6o6EgO |  NULL | bc7N3VnEYyDM3SD01EHQzwfe50KggFd5cWLFsnz5ZeBbH9s8FmdQSZiuj2D8 | 2015-09-12 16:21:00 | 2015-09-12 23:31:34 |
+----+------+-----------------+--------------------------------------------------------------+-------+--------------------------------------------------------------+---------------------+---------------------+
1 row in set (0.00 sec)

mysql> select * from users;
+----+------+-----------------+--------------------------------------------------------------+-------+--------------------------------------------------------------+---------------------+---------------------+
| id | name | email           | password                                                     | score | remember_token                                               | created_at          | updated_at          |
+----+------+-----------------+--------------------------------------------------------------+-------+--------------------------------------------------------------+---------------------+---------------------+
|  1 | Bob  | bob@example.com | $2y$10$k4XqviIM.95rFoZankAk.ePKnfYczI4cg/kpZTKXNe0/gMf6o6EgO |    28 | bc7N3VnEYyDM3SD01EHQzwfe50KggFd5cWLFsnz5ZeBbH9s8FmdQSZiuj2D8 | 2015-09-12 16:21:00 | 2015-09-12 23:46:44 |
+----+------+-----------------+--------------------------------------------------------------+-------+--------------------------------------------------------------+---------------------+---------------------+
1 row in set (0.00 sec)

mysql> exit
Bye
Spartica:~ Mrinal$ ssh forge@178.62.12.148
Welcome to Ubuntu 14.04.1 LTS (GNU/Linux 3.13.0-32-generic x86_64)

 * Documentation:  https://help.ubuntu.com/

  System information as of Sat Sep 12 21:20:15 BST 2015

  System load:  0.0                Processes:           91
  Usage of /:   34.7% of 19.56GB   Users logged in:     0
  Memory usage: 53%                IP address for eth0: 178.62.12.148
  Swap usage:   0%                 IP address for eth1: 10.131.250.130

  Graph this data and manage this system at:
    https://landscape.canonical.com/

No mail.
Last login: Wed Sep  9 23:50:52 2015 from host-92-29-63-2.as13285.net
forge@red-willow:~$ mysql
ERROR 1045 (28000): Access denied for user 'forge'@'localhost' (using password: NO)
forge@red-willow:~$ mysql -uforge
ERROR 1045 (28000): Access denied for user 'forge'@'localhost' (using password: NO)
forge@red-willow:~$ mysql -uforge -p
Enter password: 
Welcome to the MySQL monitor.  Commands end with ; or \g.
Your MySQL connection id is 44230
Server version: 5.5.41-0ubuntu0.14.04.1 (Ubuntu)

Copyright (c) 2000, 2014, Oracle and/or its affiliates. All rights reserved.

Oracle is a registered trademark of Oracle Corporation and/or its
affiliates. Other names may be trademarks of their respective
owners.

Type 'help;' or '\h' for help. Type '\c' to clear the current input statement.

mysql> show databases;
+--------------------+
| Database           |
+--------------------+
| information_schema |
| jellibeans         |
| jewelsbylove       |
| kiranseth          |
| madheavy           |
| mrinalseth         |
| msethco            |
| mysql              |
| paperbackstudios   |
| performance_schema |
+--------------------+
10 rows in set (0.01 sec)

mysql> use jellibeans;
Database changed
mysql> show tables;
Empty set (0.00 sec)

mysql> show tables;
Empty set (0.00 sec)

mysql> show tables;
+----------------------+
| Tables_in_jellibeans |
+----------------------+
| migrations           |
| password_resets      |
| users                |
+----------------------+
3 rows in set (0.00 sec)

mysql> select * from users;
Empty set (0.00 sec)

mysql> select * from users;
+----+------+---------------------+--------------------------------------------------------------+-------+----------------+---------------------+---------------------+
| id | name | email               | password                                                     | score | remember_token | created_at          | updated_at          |
+----+------+---------------------+--------------------------------------------------------------+-------+----------------+---------------------+---------------------+
|  1 | Esha | e.massand@bbk.ac.uk | $2y$10$U97sq4pgU75q4McP.ZoJ2edb662o3AW4TBOXAwLxROfmz7OcaLLdq |    30 | NULL           | 2015-09-13 00:31:37 | 2015-09-13 00:32:38 |
+----+------+---------------------+--------------------------------------------------------------+-------+----------------+---------------------+---------------------+
1 row in set (0.00 sec)

mysql> select * from users;
+----+--------------+---------------------+--------------------------------------------------------------+-------+----------------+---------------------+---------------------+
| id | name         | email               | password                                                     | score | remember_token | created_at          | updated_at          |
+----+--------------+---------------------+--------------------------------------------------------------+-------+----------------+---------------------+---------------------+
|  1 | Esha         | e.massand@bbk.ac.uk | $2y$10$U97sq4pgU75q4McP.ZoJ2edb662o3AW4TBOXAwLxROfmz7OcaLLdq |    30 | NULL           | 2015-09-13 00:31:37 | 2015-09-13 00:32:38 |
|  2 | mr test case | test@example.com    | $2y$10$2OiD1a4Tl5Itp9WuRNiZ1ecAiWdYxg0oPKjVdt2xYf.U3eq9IP2Q. |    31 | NULL           | 2015-09-13 00:32:47 | 2015-09-13 00:33:13 |
+----+--------------+---------------------+--------------------------------------------------------------+-------+----------------+---------------------+---------------------+
2 rows in set (0.00 sec)

mysql> 
